{
  "ttfa": 672.941416996764,
  "chunk_times": [
    672.941416996764,
    1242.2698749978736,
    1778.7045829973067,
    2371.0438329981116,
    2956.1065419984516,
    3555.9774999965157,
    4104.152249998151,
    4635.498042000108,
    5162.45516699928,
    5674.437541998486
  ],
  "total_samples": 563712,
  "wall_time": 5.674450167000032,
  "audio_dur": 23.488,
  "rtf": 0.24158932931709945
}