{
  "cache_miss_ms": 347.6291950015972,
  "cache_hit_ms": 0.045041999934862055,
  "speedup_x": 7717.88986955119
}